source,source_id,title,description,annex_domain,actor_role,system_pattern,rights,harms,notes,llm_annex_domain,llm_system_pattern,llm_rights,llm_harms
USFED,Individual Assistance (IA) & Public Assistance (PA) Projections,Individual Assistance (IA) & Public Assistance (PA) Projections,"The purpose of these supervised learning models is two-fold:

1.	For informational purposes: the models will produce predictions for to-be-determined quantities of interest. These quantities are often of interest to Agency personnel in the field, region, and headquarters, as well as DHS, OMB, NSC, and the Whitehouse.
2.	For decisional purposes: in addition to being informative, the models predictions are likely to be used for decision making. This may include implicit use (e.g., seeing that there are a large number of households that require assistance may motivate FEMA CFO to consider requesting additional funding for the Disaster Relief Fund) or explicit use (e.g., the number of estimated housing units required may be used to determine the number of housing units to order just-in-time).

Anticipated benefits of using supervised learning models include:
1.	Increased predictive performance: supervised learning models offer means of quantifying and choosing models with the best possible predictive performance.
2.	Timely prediction: supervised learning models can produce reasonably high performance predictions based on limited data.
3.	Quantification of uncertainty: supervised learning models are able to provide prediction intervals and predictive distributions in addition to point predictions to give users a sense of how uncertainty is inherent in the prediction.
4.	Rigor: supervised learning models are well founded on statistical learning theory and provide a level of mathematical rigor that speaks to the reliability and limitations of methods. These supervised learning models produce predictions, not recommendations and not decisions (though they can be used to inform human users in making recommendations and decisions).

At minimum, these supervised learning models will produce point predictions for the different quantities of interest for disaster declarations. Additionally supervised learning models may produce prediction intervals or predictive distributions as feasible and appropriate for the given prediction problem. Often these outputs will be shared via business intelligence tools (e.g., Tableau or PowerBI) for wide internal FEMA use. Some predictions may be shared to a more restricted audience through simpler means (e.g., an excel workbook) as appropriate.",essential_services,deployer,unknown,access_social_protection;privacy_data_protection,other,Auto annotation v0.4 rule-based,essential_services,not_llm,access_social_protection;good_administration,misinformation_error
USFED,Policy Analyst Assistant,Policy Analyst Assistant,"The Student and Exchange Visitor Program (SEVP) uses AI to help policy analysts quickly find and summarize information about visa rules for students and schools. This saves time and helps analysts respond faster to questions.

This project is intended purpose is to enable SEVP Policy staff to provides responses to policy related inquiries and conduct policy research and analysis: It will be a tool embedded in workflow processes. The processes augmented by the AI includes responses for questions asked by SEVP internal staff and responses given to schools and students by SEVP personnel. For this process, the source of information for the responses will be from authoritative, pre-vetted documents. This reduces the workload on the Policy staff and allows them to focus on more complex policy and guidance issue. For these processes, the AI will assist with researching internal documents and information from regulations, applicable legislation, and other federal guidance. It will assist the policy analyst with summaries, citations, and initial drafts. The benefits includes faster, more consistent responses from Policy and the ability to handle additional work without adding staff. The outputs provides answers to frequently asked policy and guidance questions and summaries and drafts for more in-depth analysis of policy issues. All responses go to an SEVP staff member and are not the final work product.",essential_services,deployer,unknown,access_social_protection;privacy_data_protection,other,Auto annotation v0.4 rule-based,essential_services,summary_assistant,privacy_data_protection;access_social_protection;good_administration,misinformation_error
USFED,Conversation Training and Feedback Simulator,Conversation Training and Feedback Simulator,"TSA's Training and Development office is using an off-the-shelf, on-demand, employee learning/training platform which contains commercial training on many topics tailored to each user's interests and skill level to support their personalized training plans and goals. One available component of the platform uses a large language model (LLM) as part of an interactive, dialogue-style training functionality to communicate with and advise the learner to develop critical non-security sensitive soft skills such as customer service and communicating on difficult topics. Text responses to questions or answers to a question",employment,deployer,llm_decision_support,non_discrimination;privacy_data_protection,other,Auto annotation v0.4 rule-based,employment,llm_decision_support,privacy_data_protection,misinformation_error
USFED,TSA Contact Center Virtual Assistant,TSA Contact Center Virtual Assistant,"The three goals for TSAs virtual assistant are:  1) Improve Ease / Efficiency  deliver timely, accurate responses to customers within / outside of TCC operational hours; 2) Improve Effectiveness  collect new customer insights to help drive agency improvements; 3) Fiscal Responsibility  leverage automation to meet increasing demand without the need for additional resources. TSAs virtual assistant, as a Predictive AI tool, will not be able to create and provide original content to customers.  It will be limited to providing responses to customer inquiries based on the existing content in the TCCs knowledge library.  However, it will record transactional data related to these customer inquiries (e.g., customer inputs, assistant outputs, topic classifications, etc.).

TSAs virtual assistant will create transactional data regarding customer inquiries in a consistent manner to our existing email and phone channels.  TSA uses this transactional data to guide customer experience improvement efforts.  This data offers TSA insights into:  what is working well, where the pain points are, where to improve public information, and what services are most requested.",unknown,deployer,unknown,other,other,Auto annotation v0.4 rule-based,essential_services,chatbot,privacy_data_protection;good_administration,misinformation_error
USFED,ELIS Evidence Classifier Machine Learning (ML) Tagging Solution,ELIS Evidence Classifier Machine Learning (ML) Tagging Solution,"To enable end users to navigate directly to the page(s) containing evidence documents of interest instead of sifting through large PDF documents. Evidence tagging intends to accelerate case processing by identifying specific types of documents (e.g., I-589, passport photo spread, marriage certificate) and applying a metadata tag to that document object in ELIS. This way, when a user opens a case with potentially hundreds of pages of evidence documents, rather than scrolling through them one at a time to find a specific document of interest, they have clickable ""bookmarks"" in the UI generated from these tags that will jump directly to the corresponding page. Tagged evidence. The system inputs an image (scanned document from Lockbox) and outputs either a specific label, such as ""Border Crossing Card - Front,"" or no label if that document is not recognized as one of the classes.",unknown,deployer,unknown,other,other,Auto annotation v0.4 rule-based,essential_services,not_llm,privacy_data_protection;access_social_protection;good_administration,misinformation_error;procedural_unfairness
USFED,Automated Change Detection,Automated Change Detection,"As part of the Census Bureau's efforts to maintain and update the Geographic Frame ahead of the 2030 Decennial Census, the Geography Division is using AI to identify changes in the built environment throughout the nation twice a year. With the areas of change we are extracting our own geographic features (roads, building footprints) to support improving coverage across the nation. We use Google Earth Engine to analyze change in construction using Sentinel-2 imagery and recommend where to use high resolution imagery. The object detection provides roads and building footprints to improve our feature coverage.",unknown,deployer,unknown,other,other,Auto annotation v0.4 rule-based,essential_services,not_llm,privacy_data_protection;good_administration,misinformation_error
USFED,Linkage and Matching Program (LaMP),Linkage and Matching Program (LaMP),"This use case involves probabilistic record linkage to link multiple person-level datasets. The predicted links are used for downstream processing to enable research regarding economic, demographic, and other topics and improve quality and efficiency of multiple Census operations. The AI produces a prediction regarding whether two records match. Output from the model is pairs of records above a minimum threshold indicating a match along with the score describing the similarity between the two records in the pair.",unknown,deployer,unknown,other,other,Auto annotation v0.4 rule-based,essential_services,not_llm,privacy_data_protection;good_administration,misinformation_error
USFED,Automating Multilingual Census Data Processing: An AI and Transformer-Based Pipeline for Efficient Language Detection and Translation for Short-Text,Automating Multilingual Census Data Processing: An AI and Transformer-Based Pipeline for Efficient Language Detection and Translation for Short-Text,"The purpose of this AI-driven pipeline is to tackle the challenge of processing non-English, short-text responses in large-scale surveys and censuses, especially brief entries for race and ethnicity. Traditional language detection and translation systems often struggle with these minimal text responses, impacting data accuracy and inclusivity. This AI solution is designed to automate the entire multilingual data processing workflow, from language detection to translation, named entity recognition, and validation, using AI and transformer-based models along with natural language processing techniques. By achieving high accuracy even with limited context, the system reduces the need for human translators, increases processing speed, and guarantees fair and accurate representation of diverse populations. This innovation not only supports the agencys mission to collect inclusive, representative data but also benefits the public by contributing to more precise demographic insights, ultimately aiding in resource allocation and policy making. The AI system outputs a series of automated decisions and validated translations for short-text responses, such as race and ethnicity write-ins, within large-scale survey data. Specifically, it provides accurate language detection, corrects potential spelling errors, generates contextually accurate translations, and validates these translations against standardized labels using semantic similarity analysis. The system then selects the most accurate translation for each input, guaranteeing precise categorization and extraction of demographic data. These outputs streamline survey data processing by reducing the need for human intervention, allowing for real-time or near real-time responses that meet high standards of accuracy and inclusivity",essential_services,deployer,unknown,access_social_protection;privacy_data_protection;good_administration,misinformation_error,Auto annotation v0.4 rule-based,unknown,unknown,other,other
USFED,FAQ for SMaRT,FAQ for SMaRT,"The purpose of the FAQ search tool is to find the correct Census Bureau-provided answers to common questions from the public about the 2025 Census Test. The 2025 Census Test is a proposed test as part of the Small-Scale Response Test (SmaRT) program in decennial. The purpose of this program is to perform experiments using different methods to improve self-response rates and data collection. The SmaRT program accomplishes this using iterative tests with relatively small sample sizes. Four installments of the SmaRT program were fielded before the 2020 Census. Three small-scale tests have occurred so far this decade with the fourth test planned for 2025. There is an online questionnaire for each of the tests, with a census.gov landing page to access the online questionnaire. In the first three tests this decade, there were approximately 15 FAQs on the landing page that the user could read. For the 2025 Census Test, we would like to offer over 50 FAQs to answer the publics questions via a search tool.
Current public-facing search tools at the Census Bureau use exact match only. Depending on what users type to search, the correct FAQ might not appear because users do not always use the same terminology as the Census Bureau. This FAQ search tool built with machine-learning models will use semantic similarity (i.e., synonyms or misspellings) to find the correct answers. The answers it provides back to the public are census-approved answers, and not generative AI answers. If the 2025 Census Test is approved, this search feature will be on the landing page for the survey. Implementing this search tool is considered a proof-of-concept for the use of such a search feature. If it is successful, the search tool could be used in the 2026 Census Test on its landing page, or the 2028 Dress Rehearsal. Ultimately, if it is successful, the public will benefit by finding answers to common questions more easily and more accurately. Description of what the AI system outputs, whether its a prediction, recommendation, decision, etc.
Utilizing transfer learning from Large Language Models (LLMs) we utilize them to encode our Census approved FAQs to then compare to a user query. This user query is then encoded as an embedding from the same LLM model and then we take a distance calculation using cosine similarity to rank our reference materials. We then showcase the top 3 results depending if a threshold is met of .25 cosine similarity or above. It is a semantic search tool that ranks reference material.",essential_services,deployer,llm_assisted_screening,access_social_protection;privacy_data_protection,other,Auto annotation v0.4 rule-based,unknown,unknown,other,other
USFED,Enriched Citation,Enriched Citation,"Data dissemination system that identifies which references, or prior art, were cited in specific patent application office actions, including: bibliographic information of the reference, the claims that the prior art was cited against, and the relevant sections that the examiner relied upon. Use of AI to extract summarized information from unstructured text is providing operational cost savings.  System extracts information from unstructured office actions and provides the information through a structured public facing API.",unknown,deployer,unknown,other,other,Auto annotation v0.4 rule-based,unknown,summary_assistant,privacy_data_protection,misinformation_error
AIAAIC,AIAAIC0654,ID.me unemployment benefit facial recognition,"https://www.aiaaic.org/aiaaic-repository/ai-algorithmic-and-automation-incidents/id-me-facial-recognition-identity-verification Accuracy/reliability; Privacy; Security; Bias/discrimination - race, ethnicity  ID.me unemployment benefit facial recognition",essential_services,deployer,unknown,access_social_protection;privacy_data_protection;non_discrimination,unfair_exclusion;privacy_breach,Auto annotation v0.4 rule-based,essential_services,not_llm,privacy_data_protection;non_discrimination;access_social_protection,unfair_exclusion;privacy_breach;misinformation_error
AIAAIC,AIAAIC0410,Netherlands SyRI welfare fraud detection automation,"https://www.aiaaic.org/aiaaic-repository/ai-algorithmic-and-automation-incidents/syri-welfare-fraud-detection-automation Bias/discrimination - race, ethnicity, economic; Privacy; Scope creep/normalisation  Netherlands SyRI welfare fraud detection automation",essential_services,deployer,unknown,access_social_protection;privacy_data_protection;non_discrimination,unfair_exclusion;privacy_breach,Auto annotation v0.4 rule-based,essential_services,not_llm,non_discrimination;privacy_data_protection;access_social_protection,unfair_exclusion;privacy_breach
AIAAIC,AIAAIC1647,"UK government accused of COVID-19 recovery funding algorithmic ""cultural elitism""","https://www.aiaaic.org/aiaaic-repository/ai-algorithmic-and-automation-incidents/uk-government-accused-of-covid-19-recovery-funding-cultural-elitism Accuracy/reliability; Bias/discrimination; Transparency  UK government accused of COVID-19 recovery funding algorithmic ""cultural elitism""",essential_services,deployer,unknown,access_social_protection;privacy_data_protection;good_administration;non_discrimination,unfair_exclusion;procedural_unfairness,Auto annotation v0.4 rule-based,unknown,unknown,other,other
AIAAIC,AIAAIC0598,UK govt Spotlight fund application assessments,"https://www.aiaaic.org/aiaaic-repository/ai-algorithmic-and-automation-incidents/uk-government-spotlight-algorithm Accuracy/reliability; Bias/discrimination - economic, political  UK govt Spotlight fund application assessments",unknown,deployer,unknown,non_discrimination,unfair_exclusion,Auto annotation v0.4 rule-based,essential_services,unknown,non_discrimination;access_social_protection;good_administration,unfair_exclusion;misinformation_error
AIAAIC,AIAAIC2020,DOGE uses faulty AI to cut Veterans Affairs contracts,https://www.aiaaic.org/aiaaic-repository/ai-algorithmic-and-automation-incidents/doge-uses-faulty-ai-to-cut-veterans-affairs-contracts Accountability; Accuracy/reliability; Transparency  DOGE uses faulty AI to cut Veterans Affairs contracts,essential_services,deployer,unknown,access_social_protection;privacy_data_protection;good_administration,misinformation_error;procedural_unfairness,Auto annotation v0.4 rule-based,unknown,unknown,other,other
AIAAIC,AIAAIC0826,UK DWP sued for 'unfair' disability benefits fraud detection algorithm,https://www.aiaaic.org/aiaaic-repository/ai-algorithmic-and-automation-incidents/dwp-disability-benefits-fraud-algorithm Accountability;  Bias/discrimination; Transparency  UK DWP sued for 'unfair' disability benefits fraud detection algorithm,essential_services,deployer,unknown,access_social_protection;privacy_data_protection;good_administration;non_discrimination,unfair_exclusion;procedural_unfairness,Auto annotation v0.4 rule-based,essential_services,not_llm,non_discrimination;access_social_protection;good_administration,unfair_exclusion;procedural_unfairness
AIAAIC,AIAAIC0412,Unemployment risk assessment,Unemployment risk assessment,essential_services,deployer,unknown,access_social_protection;privacy_data_protection,other,Auto annotation v0.4 rule-based,essential_services,unknown,access_social_protection;non_discrimination;good_administration,unfair_exclusion
AIAAIC,AIAAIC0554,Netherlands childcare benefits fraud assessments automation,"https://www.aiaaic.org/aiaaic-repository/ai-algorithmic-and-automation-incidents/netherlands-childcare-benefits-fraud-automation Accuracy/reliability; Bias/discrimination - race, nationality; Privacy Anxiety/distress; Financial loss Netherlands childcare benefits fraud assessments automation",essential_services,deployer,unknown,access_social_protection;privacy_data_protection;non_discrimination,unfair_exclusion;privacy_breach,Auto annotation v0.4 rule-based,essential_services,not_llm,non_discrimination;privacy_data_protection;access_social_protection;good_administration,unfair_exclusion;privacy_breach;misinformation_error;procedural_unfairness
AIAAIC,AIAAIC0990,Rotterdam welfare fraud risk algorithm ,"https://www.aiaaic.org/aiaaic-repository/ai-algorithmic-and-automation-incidents/rotterdam-welfare-fraud-risk-algorithm Accuracy/reliability; Bias/discrimination - race, ethnicity, gender; Ethics/values; Oversight/review; Proportionality Reputational damage; Financial loss Rotterdam welfare fraud risk algorithm",essential_services,deployer,unknown,access_social_protection;privacy_data_protection;good_administration;non_discrimination,unfair_exclusion,Auto annotation v0.4 rule-based,essential_services,not_llm,non_discrimination;access_social_protection;good_administration,unfair_exclusion;procedural_unfairness
AIAAIC,AIAAIC015,Michigan MiDAS unemployment insurance fraud detection,https://www.aiaaic.org/aiaaic-repository/ai-algorithmic-and-automation-incidents/michigan-midas-unemployment-insurance-fraud-detection Accuracy/reliability; Bias/discrimination - economic; Effectiveness/value; Fairness; Oversight/review; Ownership/accountability; Risk management Financial loss; Bankruptcy; House foreclosure; Anxiety/distress; Stereotyping; Financial loss; Reputational damage Michigan MiDAS unemployment insurance fraud detection,essential_services,deployer,unknown,access_social_protection;privacy_data_protection;good_administration;non_discrimination,unfair_exclusion,Auto annotation v0.4 rule-based,essential_services,not_llm,access_social_protection;good_administration;non_discrimination,unfair_exclusion;procedural_unfairness;misinformation_error
AIAAIC,AIAAIC0524,Serbia Social Card excludes thousands of welfare beneficiaries,https://www.aiaaic.org/aiaaic-repository/ai-algorithmic-and-automation-incidents/serbia-social-card-excludes-thousands-of-welfare-beneficiaries Accuracy/reliability; Bias/discrimination; Fairness; Privacy/surveillance Benefits loss; Discrimination Serbia Social Card excludes thousands of welfare beneficiaries,essential_services,deployer,unknown,access_social_protection;privacy_data_protection;non_discrimination,unfair_exclusion;privacy_breach,Auto annotation v0.4 rule-based,essential_services,unknown,non_discrimination;privacy_data_protection;access_social_protection;good_administration,unfair_exclusion;privacy_breach;misinformation_error;procedural_unfairness
AIAAIC,AIAAIC1840,UK welfare fraud AI system criticised as biased and opaque,https://www.aiaaic.org/aiaaic-repository/ai-algorithmic-and-automation-incidents/uk-welfare-fraud-ai-system-criticised-as-biased-and-opaque Bias/discrimination; Transparency Discrimination UK welfare fraud AI system criticised as biased and opaque,essential_services,deployer,unknown,access_social_protection;privacy_data_protection;good_administration;non_discrimination,unfair_exclusion;procedural_unfairness,Auto annotation v0.4 rule-based,essential_services,not_llm,non_discrimination;access_social_protection;good_administration,unfair_exclusion;procedural_unfairness
AIAAIC,AIAAIC1509,US Veterans Affairs suicide prevention algorithm favours white men,https://www.aiaaic.org/aiaaic-repository/ai-algorithmic-and-automation-incidents/virginia-suicide-prevention-algorithm-favours-white-men Accuracy/reliability; Bias/discrimination  US Veterans Affairs suicide prevention algorithm favours white men,essential_services,deployer,unknown,access_social_protection;privacy_data_protection;non_discrimination,unfair_exclusion,Auto annotation v0.4 rule-based,essential_services,not_llm,non_discrimination;access_social_protection;good_administration,unfair_exclusion;misinformation_error
AIAAIC,AIAAIC1388,"UK robo review 'unfairly' targets Bulgarians, Poles for benefit fraud investigation","https://www.aiaaic.org/aiaaic-repository/ai-algorithmic-and-automation-incidents/robo-review-unfairly-targets-bulgarians-for-benefit-fraud-investigation Bias/discrimination; Fairness; Transparency  UK robo review 'unfairly' targets Bulgarians, Poles for benefit fraud investigation",essential_services,deployer,unknown,access_social_protection;privacy_data_protection;good_administration;non_discrimination,unfair_exclusion;procedural_unfairness,Auto annotation v0.4 rule-based,essential_services,not_llm,non_discrimination;access_social_protection;good_administration,unfair_exclusion;procedural_unfairness
AIAAIC,AIAAIC0605,NDIS independent assessments ditched by Australian government,https://www.aiaaic.org/aiaaic-repository/ai-algorithmic-and-automation-incidents/ndis-independent-assessments-robo-planning Bias/discrimination; Dual use  NDIS independent assessments ditched by Australian government,unknown,deployer,unknown,non_discrimination,unfair_exclusion,Auto annotation v0.4 rule-based,essential_services,unknown,non_discrimination;access_social_protection;good_administration,unfair_exclusion
AIAAIC,AIAAIC1648,"DWP Kickstart ""gateway"" firms with no trading history approved by algorithm","https://www.aiaaic.org/aiaaic-repository/ai-algorithmic-and-automation-incidents/dwp-kickstart-gateway-firms-with-no-trading-history-approved-by-algorithm Accuracy/reliability; Bias/discrimination  DWP Kickstart ""gateway"" firms with no trading history approved by algorithm",unknown,deployer,unknown,non_discrimination,unfair_exclusion,Auto annotation v0.4 rule-based,essential_services,not_llm,access_social_protection;good_administration;non_discrimination,misinformation_error;unfair_exclusion
AIAAIC,AIAAIC0803,Trelleborg welfare management automation,https://www.aiaaic.org/aiaaic-repository/ai-algorithmic-and-automation-incidents/trelleborg-welfare-management-automation Safety; Employment - jobs; Privacy/surveillance  Trelleborg welfare management automation,essential_services,deployer,unknown,access_social_protection;privacy_data_protection,privacy_breach,Auto annotation v0.4 rule-based,unknown,unknown,other,other
AIAAIC,AIAAIC1768,Inaccuracies reveal child protection worker used ChatGPT to draft court report,https://www.aiaaic.org/aiaaic-repository/ai-algorithmic-and-automation-incidents/inaccuracies-reveal-child-protection-worker-used-chatgpt-to-draft-report Confidentiality; Privacy/surveillance Confidentiality loss; Privacy loss Inaccuracies reveal child protection worker used ChatGPT to draft court report,essential_services,deployer,llm_decision_support,access_social_protection;privacy_data_protection,privacy_breach;misinformation_error,Auto annotation v0.4 rule-based,essential_services,summary_assistant,privacy_data_protection;access_social_protection;good_administration,misinformation_error;privacy_breach
AIAAIC,AIAAIC1576,"DWP algorithm wrongly flags 200,000 people for possible fraud and error","https://www.aiaaic.org/aiaaic-repository/ai-algorithmic-and-automation-incidents/dwp-algorithm-wrongly-flags-200000-people-for-possible-fraud Accuracy/reliability  DWP algorithm wrongly flags 200,000 people for possible fraud and error",essential_services,deployer,unknown,access_social_protection;privacy_data_protection,misinformation_error,Auto annotation v0.4 rule-based,unknown,unknown,other,other
AIAAIC,AIAAIC0411,Flawed' UK welfare algorithm 'pushes people into poverty',https://www.aiaaic.org/aiaaic-repository/ai-algorithmic-and-automation-incidents/flawed-uk-welfare-algorithm-pushes-people-into-poverty Fairness; Accuracy/reliability Loss of livelihood  Flawed' UK welfare algorithm 'pushes people into poverty',essential_services,deployer,unknown,access_social_protection;privacy_data_protection,misinformation_error,Auto annotation v0.4 rule-based,essential_services,not_llm,access_social_protection;good_administration;non_discrimination,unfair_exclusion;misinformation_error;procedural_unfairness
AIAAIC,AIAAIC1288,Thomson Reuters Fraud Detect 'incorrectly' identifies fraud,https://www.aiaaic.org/aiaaic-repository/ai-algorithmic-and-automation-incidents/thomson-reuters-fraud-detect-incorrectly-identifies-fraud Accountability; Accuracy/reliability; Human/civil rights Financial loss; Privacy loss Thomson Reuters Fraud Detect 'incorrectly' identifies fraud,essential_services,deployer,unknown,access_social_protection;privacy_data_protection;good_administration,privacy_breach;misinformation_error,Auto annotation v0.4 rule-based,unknown,unknown,other,other
AIAAIC,AIAAIC1311,Samagra Vedika system pilot deprives citizens of rations ,https://www.aiaaic.org/aiaaic-repository/ai-algorithmic-and-automation-incidents/samagra-vedika-system-pilot-deprives-citizens-of-rations Accuracy/reliability; Accountability; Human/civil rights; Transparency Loss of benefits/entitlements Samagra Vedika system pilot deprives citizens of rations,essential_services,deployer,unknown,access_social_protection;privacy_data_protection;good_administration,procedural_unfairness,Auto annotation v0.4 rule-based,unknown,unknown,other,other
AIAAIC,AIAAIC053,Arkansas ARChoices Medicaid resource allocation system,"https://www.aiaaic.org/aiaaic-repository/ai-algorithmic-and-automation-incidents/arkansas-dhs-archoices-rugs-algorithm Accountability; Accuracy/reliability; Bias/discrimination - disability, age; Transparency Care cuts; Financial loss; Health deterioration; Anxiety/distress Arkansas ARChoices Medicaid resource allocation system",essential_services,deployer,unknown,access_social_protection;privacy_data_protection;good_administration;non_discrimination,unfair_exclusion;procedural_unfairness,Auto annotation v0.4 rule-based,unknown,unknown,other,other
AIAAIC,AIAAIC0268,PSZ Syriusz unemployment worker profiling,"https://www.aiaaic.org/aiaaic-repository/ai-algorithmic-and-automation-incidents/poland-psz-unemployment-scoring-algorithm Appropriateness/need; Bias/discrimination - age, gender, disability; Effectiveness/value; Fairness; Privacy/surveillance Discrimination; Privacy loss PSZ Syriusz unemployment worker profiling",essential_services,deployer,llm_assisted_screening,access_social_protection;privacy_data_protection;non_discrimination,unfair_exclusion;privacy_breach,Auto annotation v0.4 rule-based,unknown,unknown,other,other
AIAAIC,AIAAIC1481,Thai auntie unable to buy food after Poor Card facial recognition failure,https://www.aiaaic.org/aiaaic-repository/ai-algorithmic-and-automation-incidents/thai-auntie-unable-to-buy-food-after-poor-card-facial-recognition-failure Accuracy/reliability; Human/civil rights Benefits/entitlements loss Thai auntie unable to buy food after Poor Card facial recognition failure,essential_services,deployer,unknown,access_social_protection;privacy_data_protection,other,Auto annotation v0.4 rule-based,essential_services,not_llm,privacy_data_protection;access_social_protection;good_administration,unfair_exclusion;procedural_unfairness;misinformation_error
AIAAIC,AIAAIC007,Idaho Medicaid disability Resource Allocation Model,https://www.aiaaic.org/aiaaic-repository/ai-algorithmic-and-automation-incidents/idaho-medicaid-disability-resource-allocation Accuracy/reliability; Fairness Care cuts; Financial loss Idaho Medicaid disability Resource Allocation Model,essential_services,deployer,unknown,access_social_protection;privacy_data_protection,other,Auto annotation v0.4 rule-based,essential_services,unknown,access_social_protection;non_discrimination;good_administration,unfair_exclusion;misinformation_error
AIAAIC,AIAAIC0415,Roermond 'Sensing Project' predictive policing pilot,https://www.aiaaic.org/aiaaic-repository/ai-algorithmic-and-automation-incidents/roermond-sensing-project-predictive-policing Accuracy/reliability; Bias/discrimination; Privacy/surveillance Discrimination Roermond 'Sensing Project' predictive policing pilot,essential_services,deployer,unknown,access_social_protection;privacy_data_protection;non_discrimination,unfair_exclusion;privacy_breach,Auto annotation v0.4 rule-based,essential_services,not_llm,privacy_data_protection;non_discrimination;good_administration,unfair_exclusion;privacy_breach
AIAAIC,AIAAIC0171,New Orleans predictive policing,Privacy/surveillance  New Orleans predictive policing,essential_services,deployer,unknown,access_social_protection;privacy_data_protection,privacy_breach,Auto annotation v0.4 rule-based,essential_services,unknown,privacy_data_protection;non_discrimination;good_administration,privacy_breach;unfair_exclusion
AIAAIC,AIAAIC0652,NYPD Domain Awareness System,"https://www.aiaaic.org/aiaaic-repository/ai-algorithmic-and-automation-incidents/nypd-domain-awareness-system Privacy; Bias/discrimination - race, ethnicity; Dual/multi-use  NYPD Domain Awareness System",unknown,deployer,unknown,non_discrimination,unfair_exclusion;privacy_breach,Auto annotation v0.4 rule-based,unknown,unknown,other,other
AIAAIC,AIAAIC0260,Knightscope security robot ignores woman reporting crime,https://www.aiaaic.org/aiaaic-repository/ai-algorithmic-and-automation-incidents/knightscope-hp-robocop-ignores-woman-reporting-crime Accuracy/reliability; Anthropomorphism; Employment  Knightscope security robot ignores woman reporting crime,employment,deployer,unknown,non_discrimination;privacy_data_protection,other,Auto annotation v0.4 rule-based,unknown,not_llm,good_administration,procedural_unfairness
AIAAIC,AIAAIC1352,lllinois ends 'unreliable' child abuse predictive system,https://www.aiaaic.org/aiaaic-repository/ai-algorithmic-and-automation-incidents/lllinois-ends-unreliable-child-abuse-predictive-system Accuracy/reliability; Transparency Physical harm lllinois ends 'unreliable' child abuse predictive system,essential_services,deployer,unknown,access_social_protection;privacy_data_protection;good_administration,misinformation_error;procedural_unfairness,Auto annotation v0.4 rule-based,essential_services,not_llm,access_social_protection;good_administration;non_discrimination,misinformation_error;procedural_unfairness
AIAAIC,AIAAIC0887,Oregon drops 'unfair' child abuse Safety at Screening tool,https://www.aiaaic.org/aiaaic-repository/ai-algorithmic-and-automation-incidents/oregon-dhs-safety-at-screening-tool Accuracy/reliability; Bias/discrimination; Transparency  Oregon drops 'unfair' child abuse Safety at Screening tool,essential_services,deployer,llm_assisted_screening,access_social_protection;privacy_data_protection;good_administration;non_discrimination,unfair_exclusion;procedural_unfairness,Auto annotation v0.4 rule-based,essential_services,not_llm,non_discrimination;access_social_protection;good_administration,unfair_exclusion;misinformation_error;procedural_unfairness
AIAAIC,AIAAIC0350,"Australia scraps ""robodebt"" welfare debt recovery scheme","https://www.aiaaic.org/aiaaic-repository/ai-algorithmic-and-automation-incidents/australia-scraps-robodebt-welfare-debt-recovery-scheme Accuracy/reliability; Fairness; Privacy/surveillance Financial loss; Bankruptcy; House foreclosure; Anxiety/distress; Loss of life; Reputational damage Australia scraps ""robodebt"" welfare debt recovery scheme",essential_services,deployer,unknown,access_social_protection;privacy_data_protection,privacy_breach,Auto annotation v0.4 rule-based,essential_services,not_llm,access_social_protection;good_administration;non_discrimination;privacy_data_protection,unfair_exclusion;procedural_unfairness;misinformation_error;privacy_breach
AIAAIC,AIAAIC0107,Australia Robodebt welfare debt recovery,https://www.aiaaic.org/aiaaic-repository/ai-algorithmic-and-automation-incidents/robodebt-welfare-debt-recovery Accuracy/reliability; Fairness; Privacy Financial loss; Bankruptcy; House foreclosure; Anxiety/distress; Loss of life; Reputational damage Australia Robodebt welfare debt recovery,essential_services,deployer,unknown,access_social_protection;privacy_data_protection,privacy_breach,Auto annotation v0.4 rule-based,essential_services,not_llm,access_social_protection;good_administration;non_discrimination;privacy_data_protection,unfair_exclusion;procedural_unfairness;misinformation_error
AIAAIC,AIAAIC1642,Utah online dispute resolution system benefits lenders not litigants,https://www.aiaaic.org/aiaaic-repository/ai-algorithmic-and-automation-incidents/utah-dispute-resolution-system-benefits-lenders-not-litigants Fairness  Utah online dispute resolution system benefits lenders not litigants,essential_services,deployer,unknown,access_social_protection;privacy_data_protection,other,Auto annotation v0.4 rule-based,essential_services,unknown,access_social_protection;good_administration;non_discrimination,unfair_exclusion;procedural_unfairness
AIAAIC,AIAAIC1313,Parivar Pehchan Patra algorithm declares living people dead,https://www.aiaaic.org/aiaaic-repository/ai-algorithmic-and-automation-incidents/parivar-pehchan-patra-declares-living-people-dead Accountability; Accuracy/reliability; Human/civil rights; Privacy/surveillance Financial loss; Privacy loss Parivar Pehchan Patra algorithm declares living people dead,unknown,deployer,unknown,good_administration,privacy_breach,Auto annotation v0.4 rule-based,unknown,unknown,other,other
AIAAIC,AIAAIC0939,Iarpa Janus Benchmark-C (IJP-C) dataset,https://www.aiaaic.org/aiaaic-repository/ai-algorithmic-and-automation-incidents/iarpa-janus-benchmark-c-ijp-c-dataset Privacy/surveillance; Dual/multi-use Privacy loss Iarpa Janus Benchmark-C (IJP-C) dataset,unknown,deployer,unknown,other,privacy_breach,Auto annotation v0.4 rule-based,unknown,unknown,other,other
AIAAIC,AIAAIC0890,India Human Efficiency Tracking System sanitation worker surveillance,https://www.aiaaic.org/aiaaic-repository/ai-algorithmic-and-automation-incidents/india-human-efficiency-tracking-sanitation-worker-surveillance Accuracy/reliability; Accountability; Bias/discrimination; Employment; Privacy Privacy loss India Human Efficiency Tracking System sanitation worker surveillance,employment,deployer,unknown,non_discrimination;privacy_data_protection;good_administration,unfair_exclusion;privacy_breach,Auto annotation v0.4 rule-based,unknown,unknown,other,other
AIAAIC,AIAAIC0136,"Amazon employees, investors protest US government Rekognition sales","https://www.aiaaic.org/aiaaic-repository/ai-algorithmic-and-automation-incidents/amazon-employees-protest-us-govt-rekognition-sales Accuracy/reliability; Bias/discrimination; Human/civil rights; Privacy/surveillance Discrimination; Privacy loss Amazon employees, investors protest US government Rekognition sales",employment,deployer,unknown,non_discrimination;privacy_data_protection,unfair_exclusion;privacy_breach,Auto annotation v0.4 rule-based,essential_services,not_llm,privacy_data_protection;non_discrimination,unfair_exclusion;privacy_breach
AIAAIC,AIAAIC1970,"Sweden fraud prediction algorithm found to discriminate against women, migrants","https://www.aiaaic.org/aiaaic-repository/ai-algorithmic-and-automation-incidents/sweden-fraud-prediction-algorithm-found-to-discriminate-against-women Accountability; Bias/discrimination; Privacy/surveillance; Transparency  Sweden fraud prediction algorithm found to discriminate against women, migrants",essential_services,deployer,unknown,access_social_protection;privacy_data_protection;good_administration;non_discrimination,unfair_exclusion;privacy_breach;procedural_unfairness,Auto annotation v0.4 rule-based,essential_services,not_llm,non_discrimination;privacy_data_protection;access_social_protection,unfair_exclusion;privacy_breach
AIAAIC,AIAAIC1986,North Korea uses AI to covertly place IT workers in western tech companies,https://www.aiaaic.org/aiaaic-repository/ai-algorithmic-and-automation-incidents/north-korea-uses-ai-to-place-it-workers-in-western-tech-companies Confidentiality; Authenticity/integrity; Employment; Security; Transparency  North Korea uses AI to covertly place IT workers in western tech companies,employment,deployer,unknown,non_discrimination;privacy_data_protection;good_administration,procedural_unfairness,Auto annotation v0.4 rule-based,unknown,unknown,other,other
AIAAIC,AIAAIC025,Starbucks automated shift scheduling system ruins employees' lives,https://www.aiaaic.org/aiaaic-repository/ai-algorithmic-and-automation-incidents/starbucks-automated-shift-scheduling Alignment; Autonomy; Employment  Starbucks automated shift scheduling system ruins employees' lives,employment,deployer,unknown,non_discrimination;privacy_data_protection,other,Auto annotation v0.4 rule-based,employment,unknown,non_discrimination;good_administration,unfair_exclusion;procedural_unfairness
AIAAIC,AIAAIC0612,UK Post Office Horizon payment system,"https://www.aiaaic.org/aiaaic-repository/ai-algorithmic-and-automation-incidents/uk-post-office-scandal Accuracy/reliability; Ethics/values; Employment - jobs, pay  UK Post Office Horizon payment system",employment,deployer,unknown,non_discrimination;privacy_data_protection,other,Auto annotation v0.4 rule-based,unknown,not_llm,good_administration;access_social_protection,misinformation_error;procedural_unfairness
AIAAIC,AIAAIC1326,NYPD ends Knightscope K5 security robot trial,https://www.aiaaic.org/aiaaic-repository/ai-algorithmic-and-automation-incidents/nypd-ends-knightscope-k5-security-robot-trial Privacy/surveillance Privacy loss NYPD ends Knightscope K5 security robot trial,unknown,deployer,unknown,other,privacy_breach,Auto annotation v0.4 rule-based,essential_services,not_llm,privacy_data_protection,privacy_breach
AIAAIC,AIAAIC1051,Malta ditches 'Safe City' video surveillance programme,https://www.aiaaic.org/aiaaic-repository/ai-algorithmic-and-automation-incidents/malta-safe-city-video-surveillance Alignment; Privacy/surveillance; Transparency  Malta ditches 'Safe City' video surveillance programme,unknown,deployer,unknown,good_administration,privacy_breach;procedural_unfairness,Auto annotation v0.4 rule-based,essential_services,unknown,privacy_data_protection;good_administration,privacy_breach
AIAAIC,AIAAIC0556,NYPD 'digidog' hostage response draws complaints,https://www.aiaaic.org/aiaaic-repository/ai-algorithmic-and-automation-incidents/nypd-digidog Bias/discrimination; Dual use; Privacy/surveillance  NYPD 'digidog' hostage response draws complaints,unknown,deployer,unknown,non_discrimination,unfair_exclusion;privacy_breach,Auto annotation v0.4 rule-based,essential_services,unknown,privacy_data_protection;non_discrimination,unfair_exclusion;privacy_breach
AIAAIC,AIAAIC0534,Rikers Island prisoner risk classification system increases violence,https://www.aiaaic.org/aiaaic-repository/ai-algorithmic-and-automation-incidents/rikers-island-prisoner-risk-classification-system-increases-violence-50 Accuracy/reliability  Rikers Island prisoner risk classification system increases violence,unknown,deployer,unknown,other,other,Auto annotation v0.4 rule-based,essential_services,not_llm,non_discrimination;access_social_protection;good_administration,unfair_exclusion;misinformation_error
AIAAIC,AIAAIC0441,Suzhou algorithmic social 'civility score' withdrawn after backlash,https://www.aiaaic.org/aiaaic-repository/ai-algorithmic-and-automation-incidents/suzhou-social-civility-score-trial Fairness; Privacy/surveillance  Suzhou algorithmic social 'civility score' withdrawn after backlash,unknown,deployer,unknown,other,privacy_breach,Auto annotation v0.4 rule-based,essential_services,not_llm,privacy_data_protection;non_discrimination;good_administration,privacy_breach;unfair_exclusion
AIAAIC,AIAAIC057,LAPD predictive policing,Accuracy/reliability; Effectiveness/value; Bias/discrimination  LAPD predictive policing,essential_services,deployer,unknown,access_social_protection;privacy_data_protection;non_discrimination,unfair_exclusion,Auto annotation v0.4 rule-based,essential_services,unknown,non_discrimination;privacy_data_protection;good_administration,unfair_exclusion;misinformation_error
AIAAIC,AIAAIC056,LAPD 'hot spot' predictive policing,Accuracy/reliability; Bias/discrimination  LAPD 'hot spot' predictive policing,essential_services,deployer,unknown,access_social_protection;privacy_data_protection;non_discrimination,unfair_exclusion,Auto annotation v0.4 rule-based,essential_services,not_llm,non_discrimination;privacy_data_protection;good_administration,unfair_exclusion;misinformation_error
AIAAIC,AIAAIC2087,"Study: Uber dynamic pricing increases passenger fares, lowers driver earnings","https://www.aiaaic.org/aiaaic-repository/ai-algorithmic-and-automation-incidents/uber-dynamic-pricing-increases-passenger-fares-lowers-driver-earnings Accountability; Autonomy/agency; Employment; Environment; Fairness; Transparency  Study: Uber dynamic pricing increases passenger fares, lowers driver earnings",employment,deployer,unknown,non_discrimination;privacy_data_protection;good_administration,procedural_unfairness,Auto annotation v0.4 rule-based,employment,not_llm,non_discrimination;good_administration,unfair_exclusion;procedural_unfairness
AIAAIC,AIAAIC2078,"Brian Cranston voice, likeness used without consent to train Sora video generation tool","https://www.aiaaic.org/aiaaic-repository/ai-algorithmic-and-automation-incidents/brian-cranston-voice-likeness-used-without-consent-to-train-sora Accountability; Autonomy/agency; Copyright; Personality rights; Transparency Autonomy/agency loss; IP/copyright loss; Financial loss; Personality rights loss Brian Cranston voice, likeness used without consent to train Sora video generation tool",unknown,deployer,unknown,good_administration,procedural_unfairness,Auto annotation v0.4 rule-based,unknown,not_llm,privacy_data_protection,privacy_breach
AIAAIC,AIAAIC2049,Deloitte Australia fined for AI error-strewn government report,https://www.aiaaic.org/aiaaic-repository/ai-algorithmic-and-automation-incidents/deloitte-australia-fined-for-ai-error-strewn-government-report Accuracy/reliability; Mis/disinformation; Transparency  Deloitte Australia fined for AI error-strewn government report,unknown,deployer,unknown,good_administration,misinformation_error;procedural_unfairness,Auto annotation v0.4 rule-based,essential_services,llm_decision_support,good_administration;privacy_data_protection,misinformation_error;procedural_unfairness
AIAAIC,AIAAIC2003,White House chief of staff targeted in AI-powered security breach,https://www.aiaaic.org/aiaaic-repository/ai-algorithmic-and-automation-incidents/white-house-chief-of-staff-targeted-in-ai-powered-security-breach Confidentiality; Privacy/surveillance; Security Privacy loss White House chief of staff targeted in AI-powered security breach,employment,deployer,unknown,non_discrimination;privacy_data_protection,privacy_breach,Auto annotation v0.4 rule-based,unknown,unknown,privacy_data_protection,privacy_breach
AIAAIC,AIAAIC1962,Brazilian AI-powered welfare app accused of unfairly denying claims,https://www.aiaaic.org/aiaaic-repository/ai-algorithmic-and-automation-incidents/brazil-ai-powered-welfare-app-accused-of-unfairly-denying-claims Accessibility; Accountability; Accuracy/reliability; Bias/discrimination; Transparency  Brazilian AI-powered welfare app accused of unfairly denying claims,essential_services,deployer,unknown,access_social_protection;privacy_data_protection;good_administration;non_discrimination,unfair_exclusion;procedural_unfairness,Auto annotation v0.4 rule-based,essential_services,unknown,access_social_protection;non_discrimination;good_administration,unfair_exclusion;procedural_unfairness
AIAAIC,AIAAIC1935,White House appears to use AI to calculate tariff rates,https://www.aiaaic.org/aiaaic-repository/ai-algorithmic-and-automation-incidents/white-house-appears-to-use-ai-to-calculate-tariff-rates Accountability; Accuracy/reliability; Employment; Transparency  White House appears to use AI to calculate tariff rates,employment,deployer,unknown,non_discrimination;privacy_data_protection;good_administration,procedural_unfairness,Auto annotation v0.4 rule-based,unknown,unknown,good_administration,misinformation_error
AIAAIC,AIAAIC1923,Optifye roasted for shop floor AI surveillance,https://www.aiaaic.org/aiaaic-repository/ai-algorithmic-and-automation-incidents/optifye-roasted-for-shop-floor-ai-surveillance Autonomy/agency; Employment; Privacy/surveillance; Transparency  Optifye roasted for shop floor AI surveillance,employment,deployer,unknown,non_discrimination;privacy_data_protection;good_administration,privacy_breach;procedural_unfairness,Auto annotation v0.4 rule-based,employment,unknown,privacy_data_protection;non_discrimination,privacy_breach
AIAAIC,AIAAIC1855,Taiwanese AI repeats Chinese government line,https://www.aiaaic.org/aiaaic-repository/ai-algorithmic-and-automation-incidents/taiwanese-ai-repeats-chinese-government-line Accuracy/reliability  Taiwanese AI repeats Chinese government line,unknown,deployer,unknown,other,other,Auto annotation v0.4 rule-based,unknown,unknown,privacy_data_protection;good_administration,misinformation_error
AIAAIC,AIAAIC1820,"Report: Denmark AI welfare system ""profoundly affects"" mental health","https://www.aiaaic.org/aiaaic-repository/ai-algorithmic-and-automation-incidents/report-denmark-ai-welfare-system-profoundly-affects-mental-health Accuracy/reliability; Bias/discrimination; Privacy/surveillance  Report: Denmark AI welfare system ""profoundly affects"" mental health",essential_services,deployer,unknown,access_social_protection;privacy_data_protection;non_discrimination,unfair_exclusion;privacy_breach,Auto annotation v0.4 rule-based,unknown,unknown,other,other
AIAAIC,AIAAIC1809,Nevada AI student risk model prompts funding controversy,https://www.aiaaic.org/aiaaic-repository/ai-algorithmic-and-automation-incidents/nevada-ai-student-risk-model-prompts-funding-controversy Fairness Anxiety/distress; Self-harm Nevada AI student risk model prompts funding controversy,essential_services,deployer,unknown,access_social_protection;privacy_data_protection,other,Auto annotation v0.4 rule-based,essential_services,unknown,non_discrimination;access_social_protection;good_administration,unfair_exclusion
ECtHR,10012/03,CASE OF HALMAGIU AND BELLU v. ROMANIA,Case: CASE OF HALMAGIU AND BELLU v. ROMANIA; Articles: P1; Conclusion: Violation of Article 1 of Protocol No. 1 - Protection of property; Keywords: discrimination; social benefits,essential_services,deployer,not_llm,non_discrimination;access_social_protection,procedural_unfairness,ECtHR rights backbone,unknown,unknown,other,other
ECtHR,10108/02,CASE OF TETU v. ROMANIA,Case: CASE OF TETU v. ROMANIA; Articles: P1; Conclusion: Violation of Article 1 of Protocol No. 1 - Protection of property; Keywords: discrimination; social benefits,essential_services,deployer,not_llm,non_discrimination;access_social_protection,procedural_unfairness,ECtHR rights backbone,unknown,unknown,other,other
ECtHR,10122/04,CASE OF GURGACH v. RUSSIA,Case: CASE OF GURGACH v. RUSSIA; Articles: P1; Conclusion: Violation of Article 6 - Right to a fair trial (Article 6 - Enforcement proceedings;Article 6-1 - Access to court);Violation of Article 1 of Protocol No. 1 - Protection of property (Article 1 para. 1 of Protocol No. 1 - Peaceful enjoyment of possessions); Keywords: discrimination; social benefits,essential_services,deployer,not_llm,non_discrimination;access_social_protection,procedural_unfairness,ECtHR rights backbone,essential_services,unknown,access_social_protection;good_administration;non_discrimination,procedural_unfairness;unfair_exclusion
ECtHR,10143/07,CASE OF SOCIEDADE AGRICOLA DO AMEIXIAL; S.A v. PORTUGAL,Case: CASE OF SOCIEDADE AGRICOLA DO AMEIXIAL; S.A v. PORTUGAL; Articles: P1; Conclusion: Violation of Article 1 of Protocol No. 1 - Protection of property (Article 1 para. 1 of Protocol No. 1 - Peaceful enjoyment of possessions); Keywords: discrimination; social benefits,essential_services,deployer,not_llm,non_discrimination;access_social_protection,procedural_unfairness,ECtHR rights backbone,unknown,unknown,other,other
ECtHR,10230/05,CASE OF SERSESCU v. ROMANIA,Case: CASE OF SERSESCU v. ROMANIA; Articles: P1; Conclusion: Violation of Article 6 - Right to a fair trial;Violation of Article 1 of Protocol No. 1 - Protection of property; Keywords: discrimination; social benefits,essential_services,deployer,not_llm,non_discrimination;access_social_protection,procedural_unfairness,ECtHR rights backbone,unknown,unknown,other,other
ECtHR,10245/02,CASE OF MOSOIU AND PASARIN v. ROMANIA,Case: CASE OF MOSOIU AND PASARIN v. ROMANIA; Articles: P1; Conclusion: Violation of Article 1 of Protocol No. 1 - Protection of property; Keywords: discrimination; social benefits,essential_services,deployer,not_llm,non_discrimination;access_social_protection,procedural_unfairness,ECtHR rights backbone,unknown,unknown,other,other
ECtHR,10250/02,CASE OF ALİ TAŞ v. TURKEY,Case: CASE OF ALİ TAŞ v. TURKEY; Articles: P1; Conclusion: Violation of Article 1 of Protocol No. 1 - Protection of property; Keywords: discrimination; social benefits,essential_services,deployer,not_llm,non_discrimination;access_social_protection,procedural_unfairness,ECtHR rights backbone,unknown,unknown,other,other
ECtHR,10319/04,CASE OF ANDRIANOVA AND OTHERS  v. UKRAINE,Case: CASE OF ANDRIANOVA AND OTHERS  v. UKRAINE; Articles: P1; Conclusion: Violation of Article 6 - Right to a fair trial (Article 6 - Enforcement proceedings;Article 6-1 - Access to court);Violation of Article 1 of Protocol No. 1 - Protection of property (Article 1 para. 1 of Protocol No. 1 - Peaceful enjoyment of possessions);Violation of Article 13 - Right to an effective remedy (Article 13 - Effective remedy); Keywords: discrimination; social benefits,essential_services,deployer,not_llm,non_discrimination;access_social_protection,procedural_unfairness,ECtHR rights backbone,unknown,unknown,other,other
ECtHR,10346/03;10893/04,CASE OF DICKMANN AND GION v. ROMANIA,Case: CASE OF DICKMANN AND GION v. ROMANIA; Articles: P1; Conclusion: Preliminary objection dismissed (Art. 35) Admissibility criteria;(Art. 35-1) Exhaustion of domestic remedies;Remainder inadmissible (Art. 35) Admissibility criteria;(Art. 35-3-a) Manifestly ill-founded;Violation of Article 1 of Protocol No. 1 - Protection of property (Article 1 para. 1 of Protocol No. 1 - Deprivation of property;Peaceful enjoyment of possessions);Pecuniary and non-pecuniary damage - award (Article 41 - Non-pecuniary damage;Pecuniary damage;Just satisfaction); Keywords: discrimination; social benefits,essential_services,deployer,not_llm,non_discrimination;access_social_protection,procedural_unfairness,ECtHR rights backbone,unknown,unknown,other,other
ECtHR,10368/05,CASE OF MIGALSKA v. POLAND,Case: CASE OF MIGALSKA v. POLAND; Articles: P1; Conclusion: Violation of Article 1 of Protocol No. 1 - Protection of property (Article 1 para. 1 of Protocol No. 1 - Peaceful enjoyment of possessions); Keywords: discrimination; social benefits,essential_services,deployer,not_llm,non_discrimination;access_social_protection,procedural_unfairness,ECtHR rights backbone,unknown,unknown,other,other
ECtHR,10441/06,CASE OF PICHKUR v. UKRAINE,Case: CASE OF PICHKUR v. UKRAINE; Articles: 14; Conclusion: Preliminary objection dismissed (Article 35-1 - Six month period);Remainder inadmissible;Violation of Article 14+P1-1 - Prohibition of discrimination (Article 14 - Discrimination) (Article 1 of Protocol No. 1 - Protection of property;Article 1 para. 1 of Protocol No. 1 - Possessions);Pecuniary and non-pecuniary damage - award; Keywords: discrimination; social benefits,essential_services,deployer,not_llm,non_discrimination;access_social_protection,procedural_unfairness,ECtHR rights backbone,unknown,unknown,other,other
ECtHR,1046/12,CASE OF ZAMMIT AND ATTARD CASSAR v. MALTA,Case: CASE OF ZAMMIT AND ATTARD CASSAR v. MALTA; Articles: P1; Conclusion: Remainder inadmissible;Violation of Article 1 of Protocol No. 1 - Protection of property (Article 1 para. 2 of Protocol No. 1 - Control of the use of property);Pecuniary damage - award (Article 41 - Pecuniary damage;Just satisfaction); Keywords: discrimination; social benefits,essential_services,deployer,not_llm,non_discrimination;access_social_protection,procedural_unfairness,ECtHR rights backbone,essential_services,unknown,non_discrimination;access_social_protection,unfair_exclusion
ECtHR,10535/09,CASE OF INDERKINY v. RUSSIA,Case: CASE OF INDERKINY v. RUSSIA; Articles: P1; Conclusion: Violation of Article 6 - Right to a fair trial (Article 6 - Enforcement proceedings;Article 6-1 - Access to court);Violation of Article 13+6 - Right to an effective remedy (Article 13 - Effective remedy) (Article 6 - Right to a fair trial;Enforcement proceedings;Article 6-1 - Access to court);Violation of Article 1 of Protocol No. 1 - Protection of property (Article 1 para. 1 of Protocol No. 1 - Peaceful enjoyment of possessions); Keywords: discrimination; social benefits,essential_services,deployer,not_llm,non_discrimination;access_social_protection,procedural_unfairness,ECtHR rights backbone,essential_services,unknown,access_social_protection;good_administration;non_discrimination,procedural_unfairness;unfair_exclusion
ECtHR,10543/02,CASE OF VACARENCU v. MOLDOVA,Case: CASE OF VACARENCU v. MOLDOVA; Articles: P1; Conclusion: Violation of Article 1 of Protocol No. 1 - Protection of property;Violation of Article 6 - Right to a fair trial; Keywords: discrimination; social benefits,essential_services,deployer,not_llm,non_discrimination;access_social_protection,procedural_unfairness,ECtHR rights backbone,unknown,unknown,other,other
ECtHR,10557/03,CASE OF GIGLI COSTRUZIONI S.R.L. v. ITALY,Case: CASE OF GIGLI COSTRUZIONI S.R.L. v. ITALY; Articles: P1; Conclusion: Violation of Article 6 - Right to a fair trial;Violation of Article 1 of Protocol No. 1 - Protection of property; Keywords: discrimination; social benefits,essential_services,deployer,not_llm,non_discrimination;access_social_protection,procedural_unfairness,ECtHR rights backbone,unknown,unknown,other,other
ECtHR,10613/16,CASE OF SHARXHI AND OTHERS v. ALBANIA,Case: CASE OF SHARXHI AND OTHERS v. ALBANIA; Articles: P1; Conclusion: Preliminary objections joined to merits and dismissed (Art. 35) Admissibility criteria;(Art. 35-1) Exhaustion of domestic remedies;(Art. 35-1) Effective domestic remedy;Remainder inadmissible (Art. 35) Admissibility criteria;(Art. 35-3-a) Manifestly ill-founded;Violation of Article 13+6-1 - Right to an effective remedy (Article 13 - Effective remedy) (Article 6-1 - Access to court;Fair hearing;Article 6 - Administrative proceedings;Right to a fair trial);Violation of Article 6 - Right to a fair trial (Article 6 - Administrative proceedings;Article 6-1 - Access to court;Fair hearing);Violation of Article 8 - Right to respect for private and family life (Article 8-1 - Respect for home);Violation of Article 13+8 - Right to an effective remedy (Article 13 - Effective remedy) (Article 8-2 - Interference;In accordance with the law;Article 8-1 - Respect for home;Article 8 - Right to respect for private and family life);Violation of Article 1 of Protocol No. 1 - Protection of property (Article 1 para. 1 of Protocol No. 1 - Peaceful enjoyment of possessions);Violation of Article 13+P1-1 - Right to an effective remedy (Article 13 - Effective remedy) (Article 1 para. 1 of Protocol No. 1 - Peaceful enjoyment of possessions;Prescribed by law;Interference;Article 1 of Protocol No. 1 - Protection of property);Violation of Article 13+P1-1 - Right to an effective remedy (Article 13 - Effective remedy) (Article 1 para. 1 of Protocol No. 1 - Peaceful enjoyment of possessions;Interference;Article 1 of Protocol No. 1 - Protection of property);Violation of Article 1 of Protocol No. 1 - Protection of property (Article 1 para. 1 of Protocol No. 1 - Deprivation of property;Peaceful enjoyment of possessions);Pecuniary and non-pecuniary damage - award (Article 41 - Non-pecuniary damage;Pecuniary damage;Just satisfaction); Keywords: discrimination; social benefits,essential_services,deployer,not_llm,non_discrimination;access_social_protection,procedural_unfairness,ECtHR rights backbone,essential_services,unknown,access_social_protection;good_administration;privacy_data_protection,procedural_unfairness;unfair_exclusion
ECtHR,1065/06,CASE OF ELLIS v. TURKEY,Case: CASE OF ELLIS v. TURKEY; Articles: P1; Conclusion: Violation of Article 6 - Right to a fair trial (Article 6 - Enforcement proceedings;Article 6-1 - Access to court);Violation of Article 1 of Protocol No. 1 - Protection of property (Article 1 para. 1 of Protocol No. 1 - Peaceful enjoyment of possessions); Keywords: discrimination; social benefits,essential_services,deployer,not_llm,non_discrimination;access_social_protection,procedural_unfairness,ECtHR rights backbone,essential_services,unknown,access_social_protection;good_administration;non_discrimination,procedural_unfairness;unfair_exclusion
ECtHR,10652/02;12373/06;13553/06;21532/05;23003/06;23446/06;25473/06;28978/06;29693/06;29698/06;29699/06;29704/06;37211/05;6723/06,CASE OF COLLARILE AND OTHERS v. ITALY,Case: CASE OF COLLARILE AND OTHERS v. ITALY; Articles: P1; Conclusion: Violation of Article 8 - Right to respect for private and family life (Article 8-1 - Respect for private life);Violation of Article 8 - Right to respect for private and family life (Article 8-1 - Respect for correspondence);Violation of Article 13 - Right to an effective remedy (Article 13 - Effective remedy);Violation of Article 3 of Protocol No. 1 - Right to free elections-{general} (Article 3 of Protocol No. 1 - Stand for election;Vote);Violation of Article 6 - Right to a fair trial (Article 6 - Civil proceedings;Article 6-1 - Reasonable time); Keywords: discrimination; social benefits,essential_services,deployer,not_llm,non_discrimination;access_social_protection,procedural_unfairness,ECtHR rights backbone,essential_services,unknown,privacy_data_protection;access_social_protection;non_discrimination;good_administration,unfair_exclusion;procedural_unfairness
ECtHR,10699/05,CASE OF PAULIK v. SLOVAKIA,Case: CASE OF PAULIK v. SLOVAKIA; Articles: 14; Conclusion: Violation of Article 8 - Right to respect for private and family life (Article 8-1 - Respect for private life);Violation of Article 14+8 - Prohibition of discrimination (Article 14 - Discrimination) (Article 8 - Right to respect for private and family life;Article 8-1 - Respect for private life);Non-pecuniary damage - finding of violation sufficient (Article 41 - Non-pecuniary damage;Just satisfaction); Keywords: discrimination; social benefits,essential_services,deployer,not_llm,non_discrimination;access_social_protection,procedural_unfairness,ECtHR rights backbone,unknown,unknown,other,other
ECtHR,10721/02,CASE OF HARRISON v. THE UNITED KINGDOM,Case: CASE OF HARRISON v. THE UNITED KINGDOM; Articles: 14; Conclusion: Violation of Article 14+P1-1 - Prohibition of discrimination (Article 1 of Protocol No. 1 - Protection of property); Keywords: discrimination; social benefits,essential_services,deployer,not_llm,non_discrimination;access_social_protection,procedural_unfairness,ECtHR rights backbone,essential_services,unknown,non_discrimination;access_social_protection,unfair_exclusion
